zid,MSR,corelation
z5269665,23.327340311835385,0.4183283232522083
